{
  "resourceType": "Measure",
  "id": "measure-scratchpad_FHIR4-8.1.000",
  "meta": {   
    "profile": [
      "http://hl7.org/fhir/us/cqfmeasures/StructureDefinition/proportion-measure-cqfm"
    ]
  },
  "text": {
    "status": "generated",
    "div": ""
  },
  "extension": [
    {
      "url": "http://hl7.org/fhir/us/cqfmeasures/StructureDefinition/cqfm-populationBasis",
      "valueCode": "boolean"
    }
  ],
  "url": "http://hl7.org/fhir/us/cqfmeasures/Measure/measure-exm104-FHIR4",
  "identifier": [
    {
      "use": "official",
      "system": "http://hl7.org/fhir/cqi/ecqm/Measure/Identifier/cms",
      "value": "104"
    },
    {
      "use": "official",
      "system": "http://hl7.org/fhir/cqi/ecqm/Measure/Identifier/nqf",
      "value": "0034"
    }
  ],
  "version": "8.1.000",
  "name": "scratchpad",
  "title": "Update",
  "status": "active",
  "experimental": true,
  "date": "2018-09-17",
  "publisher": "National Committee for Quality Assurance",
  "contact": [
    {
      "telecom": [
        {
          "system": "url",
          "value": "http://www.ncqa.org/"
        }
      ]
    }
  ],
  "description": "",
  "useContext": [
    {
      "code": {
        "code": "program"
      },
      "valueCodeableConcept": {
        "text": "eligible-provider"
      }
    }
  ],
  "jurisdiction": [
    {
      "coding": [
        {
          "system": "urn:iso:std:iso:3166",
          "code": "US"
        }
      ]
    }
  ],
  "purpose": "",
  "copyright": "",
  "approvalDate": "2016-01-01",
  "lastReviewDate": "2016-09-01",
  "effectivePeriod": {
    "start": "2019-01-01",
    "end": "2019-12-31"
  },
  "topic": [
    {
      "coding": [
        {
          "system": "http://loinc.org",
          "code": "57024-2",
          "display": "Health Quality Measure Document"
        }
      ]
    }
  ],
  "relatedArtifact": [
    {
      "type": "citation",
      "citation": ""
    },
    {
      "type": "citation",
      "citation": ""
    },
    {
      "type": "citation",
      "citation": ""
    },
    {
      "type": "citation",
      "citation": ""
    }
  ],
  "library": [
      "Library/library-scratchpad_FHIR4-8.1.000"
  ],
  "disclaimer": "",
  "scoring": {
    "coding": [
      {
        "system": "http://hl7.org/fhir/measure-scoring",
        "code": "proportion"
      }
    ]
  },
  "type": [
    {
      "coding": [
        {
          "system": "http://hl7.org/fhir/measure-type",
          "code": "process"
        }
      ]
    }
  ],
  "rationale": "",
  "clinicalRecommendationStatement": "",
  "improvementNotation": {
    "coding": [
      {
        "system": "http://terminology.hl7.org/CodeSystem/measure-improvement-notation",
        "code": "increase"
      }
    ]
  },
  "guidance": "",
  "group": [
    {
      "id": "group-1",
      "population": [
        {
          "code": {
            "coding": [
              {
                "system": "http://terminology.hl7.org/CodeSystem/measure-population",
                "code": "initial-population",
                "display": "Initial Population"
              }
            ]
          },
          "criteria": {
            "language": "text/cql",
            "expression": "Initial Population"
          }
        },
        {
          "code": {
            "coding": [
              {
                "system": "http://terminology.hl7.org/CodeSystem/measure-population",
                "code": "numerator",
                "display": "Numerator"
              }
            ]
          },
          "criteria": {
            "language": "text/cql",
            "expression": "Numerator"
          }
        },
        {
          "code": {
            "coding": [
              {
                "system": "http://terminology.hl7.org/CodeSystem/measure-population",
                "code": "denominator",
                "display": "Denominator"
              }
            ]
          },
          "criteria": {
            "language": "text/cql",
            "expression": "Denominator"
          }
        },
        {
          "code": {
            "coding": [
              {
                "system": "http://terminology.hl7.org/CodeSystem/measure-population",
                "code": "denominator-exclusion",
                "display": "Denominator Exclusion"
              }
            ]
          },
          "criteria": {
            "language": "text/cql",
            "expression": "Denominator Exclusion"
          }
        }
      ]
    }
  ],
  "supplementalData": [
    {
      "code": {
        "text": "sde-ethnicity"
      },
      "usage": [
        {
          "coding": [
            {
              "system": "http://hl7.org/fhir/measure-data-usage",
              "code": "supplemental-data"
            }
          ]
        }
      ],
      "criteria": {
        "language": "text/cql",
        "expression": "SDE Ethnicity"
      }
    },
    {
      "code": {
        "text": "sde-payer"
      },
      "usage": [
        {
          "coding": [
            {
              "system": "http://hl7.org/fhir/measure-data-usage",
              "code": "supplemental-data"
            }
          ]
        }
      ],
      "criteria": {
        "language": "text/cql",
        "expression": "SDE Payer"
      }
    },
    {
      "code": {
        "text": "sde-race"
      },
      "usage": [
        {
          "coding": [
            {
              "system": "http://hl7.org/fhir/measure-data-usage",
              "code": "supplemental-data"
            }
          ]
        }
      ],
      "criteria": {
        "language": "text/cql",
        "expression": "SDE Race"
      }
    },
    {
      "code": {
        "text": "sde-sex"
      },
      "usage": [
        {
          "coding": [
            {
              "system": "http://hl7.org/fhir/measure-data-usage",
              "code": "supplemental-data"
            }
          ]
        }
      ],
      "criteria": {
        "language": "text/cql",
        "expression": "SDE Sex"
      }
    }
  ]
}