{
    "resourceType": "Bundle",
    "id": "3d6f0e3e-0f42-4d5a-8f2c-9b7a938fb410",
    "type": "transaction",
    "entry": [
        {
            "resource": {
                "resourceType": "Patient",
                "id": "5649e34d-df03-498f-9c82-4087bb5a2a46-1",
                "meta": {
                    "profile": [
                      "http://hl7.org/fhir/us/core/StructureDefinition/us-core-patient"
                    ]
                  },
                  "extension": [
                    {
                      "url": "http://hl7.org/fhir/us/core/StructureDefinition/us-core-race",
                      "extension": [
                        {
                          "url": "ombCategory",
                          "valueCoding": {
                            "system": "urn:oid:2.16.840.1.113883.6.238",
                            "code": "2028-9",
                            "display": "Asian"
                          }
                        }
                      ]
                    },
                    {
                      "url": "http://hl7.org/fhir/us/core/StructureDefinition/us-core-ethnicity",
                      "extension": [
                        {
                          "url": "ombCategory",
                          "valueCoding": {
                            "system": "urn:oid:2.16.840.1.113883.6.238",
                            "code": "2135-2",
                            "display": "Hispanic or Latino"
                          }
                        }
                      ]
                    }
                  ],
                  "identifier": [
                    {
                      "use": "usual",
                      "type": {
                        "coding": [
                          {
                            "system": "http://terminology.hl7.org/CodeSystem/v2-0203",
                            "code": "MR",
                            "display": "Medical Record Number"
                          }
                        ]
                      },
                      "system": "http://hospital.smarthealthit.org",
                      "value": "999999992"
                    }
                  ],
                  "name": [
                    {
                      "family": "Hans",
                      "given": [
                        "Sans"
                      ]
                    }
                  ],
                "birthDate": "1995-01-01",
                "gender": "female"
            },
            "request": {
                "method": "PUT",
                "url": "Patient/5649e34d-df03-498f-9c82-4087bb5a2a46-1"
            }
        },
        {
            "resource": {
                "resourceType": "Encounter",
                "id": "5649e34d-df03-498f-9c82-4087bb5a2a46-2",
                "subject": {
                    "reference": "Patient/5649e34d-df03-498f-9c82-4087bb5a2a46-1"
                },
                "meta": {
                  "profile": [
                    "http://hl7.org/fhir/us/core/StructureDefinition/us-core-encounter"
                  ]
                },
                "status": "finished",
                "class": {
                  "system": "http://terminology.hl7.org/CodeSystem/v3-ActCode",
                  "code": "AMB",
                  "display": "ambulatory"
                },
                "type": [
                    {
                        "coding": [
                            {
                                "system": "http://www.ama-assn.org/go/cpt",
                                "code": "99201",
                                "display": "Office or other outpatient visit for the evaluation and management of a new patient, which requires these 3 key components: A problem focused history; A problem focused examination; Straightforward medical decision making. Counseling and/or coordination of care with other physicians, other qualified health care professionals, or agencies are provided consistent with the nature of the problem(s) and the patient's and/or family's needs. Usually, the presenting problem(s) are self limited or minor. Typically, 10 minutes are spent face-to-face with the patient and/or family."
                            }
                        ]
                    }
                ],
                "period": {
                    "start": "2019-01-01T00:00:00-00:00",
                    "end": "2019-01-02T00:00:00-00:00"
                }
            },
            "request": {
                "method": "PUT",
                "url": "Encounter/5649e34d-df03-498f-9c82-4087bb5a2a46-2"
            }
        },
        {
            "resource": {
                "resourceType": "Observation",
                "id": "5649e34d-df03-498f-9c82-4087bb5a2a46-3",
                "profile": [
                  "http://www.http://hl7.org/fhir/STU3/observation"
                ],
                "status": "final",
                "code": {
                    "coding": [
                        {
                            "system": "http://loinc.org",
                            "code": "10524-7",
                            "display": "Microscopic observation [Identifier] in Cervix by Cyto stain"
                        }
                    ]
                },
                "subject": {
                    "reference": "Patient/5649e34d-df03-498f-9c82-4087bb5a2a46-1"
                },
                "effectiveDateTime": "2019-11-01T00:00:00"
            },
            "request": {
                "method": "PUT",
                "url": "Observation/5649e34d-df03-498f-9c82-4087bb5a2a46-3"
            }
        },
        {
            "resource": {
                "resourceType": "Patient",
                "id": "98ce13ee-450b-43ca-9fbe-08b05999532b-1",
                "meta": {
                    "profile": [
                      "http://hl7.org/fhir/us/core/StructureDefinition/us-core-patient"
                    ]
                  },
                  "extension": [
                    {
                      "url": "http://hl7.org/fhir/us/core/StructureDefinition/us-core-race",
                      "extension": [
                        {
                          "url": "ombCategory",
                          "valueCoding": {
                            "system": "urn:oid:2.16.840.1.113883.6.238",
                            "code": "2106-3",
                            "display": "White"
                          }
                        }
                      ]
                    },
                    {
                      "url": "http://hl7.org/fhir/us/core/StructureDefinition/us-core-ethnicity",
                      "extension": [
                        {
                          "url": "ombCategory",
                          "valueCoding": {
                            "system": "urn:oid:2.16.840.1.113883.6.238",
                            "code": "2186-5",
                            "display": "Not Hispanic or Latino"
                          }
                        }
                      ]
                    }
                  ],
                  "identifier": [
                    {
                      "use": "usual",
                      "type": {
                        "coding": [
                          {
                            "system": "http://terminology.hl7.org/CodeSystem/v2-0203",
                            "code": "MR",
                            "display": "Medical Record Number"
                          }
                        ]
                      },
                      "system": "http://hospital.smarthealthit.org",
                      "value": "999999993"
                    }
                  ],
                  "name": [
                    {
                      "family": "Dally",
                      "given": [
                        "Dilly"
                      ]
                    }
                  ],
                "birthDate": "1995-01-01",
                "gender": "female"
            },
            "request": {
                "method": "PUT",
                "url": "Patient/98ce13ee-450b-43ca-9fbe-08b05999532b-1"
            }
        },
        {
            "resource": {
                "resourceType": "Encounter",
                "id": "98ce13ee-450b-43ca-9fbe-08b05999532b-2",
                "subject": {
                    "reference": "Patient/98ce13ee-450b-43ca-9fbe-08b05999532b-1"
                },
                "meta": {
                  "profile": [
                    "http://hl7.org/fhir/us/core/StructureDefinition/us-core-encounter"
                  ]
                },
                "status": "finished",
                "class": {
                  "system": "http://terminology.hl7.org/CodeSystem/v3-ActCode",
                  "code": "AMB",
                  "display": "ambulatory"
                },
                "type": [
                    {
                        "coding": [
                            {
                                "system": "http://www.ama-assn.org/go/cpt",
                                "code": "99201",
                                "display": "Office or other outpatient visit for the evaluation and management of a new patient, which requires these 3 key components: A problem focused history; A problem focused examination; Straightforward medical decision making. Counseling and/or coordination of care with other physicians, other qualified health care professionals, or agencies are provided consistent with the nature of the problem(s) and the patient's and/or family's needs. Usually, the presenting problem(s) are self limited or minor. Typically, 10 minutes are spent face-to-face with the patient and/or family."
                            }
                        ]
                    }
                ],
                "period": {
                    "start": "2019-01-01T00:00:00-00:00",
                    "end": "2019-01-02T00:00:00-00:00"
                }
            },
            "request": {
                "method": "PUT",
                "url": "Encounter/98ce13ee-450b-43ca-9fbe-08b05999532b-2"
            }
        },
        {
            "resource": {
                "resourceType": "Observation",
                "id": "98ce13ee-450b-43ca-9fbe-08b05999532b-3",
                "profile": [
                  "http://www.http://hl7.org/fhir/STU3/observation"
                ],
                "status": "final",
                "code": {
                    "coding": [
                        {
                            "system": "http://loinc.org",
                            "code": "10524-7",
                            "display": "Microscopic observation [Identifier] in Cervix by Cyto stain"
                        }
                    ]
                },
                "valueBoolean": "true",
                "subject": {
                    "reference": "Patient/98ce13ee-450b-43ca-9fbe-08b05999532b-1"
                },
                "effectiveDateTime": "2019-11-01T00:00:00"
            },
            "request": {
                "method": "PUT",
                "url": "Observation/98ce13ee-450b-43ca-9fbe-08b05999532b-3"
            }
        }
    ]
}